web-scraper-order,web-scraper-start-url,Character,Sea,Island,Hometown
"1653321215-1462","https://listfist.com/list-of-one-piece-characters-by-hometown","Sanjuan Wolf","West Blue","",""
"1653321215-1497","https://listfist.com/list-of-one-piece-characters-by-hometown","T Bone","Grand Line","",""
"1653321215-1473","https://listfist.com/list-of-one-piece-characters-by-hometown","Shimotsuki Yasuie","New World","Wano",""
"1653321215-1287","https://listfist.com/list-of-one-piece-characters-by-hometown","Gladius","North Blue","",""
"1653321215-1214","https://listfist.com/list-of-one-piece-characters-by-hometown","Cavendish","Grand Line","Bourgeois Kingdom",""
"1653321215-1397","https://listfist.com/list-of-one-piece-characters-by-hometown","Momonga","Grand Line","",""
"1653321215-1179","https://listfist.com/list-of-one-piece-characters-by-hometown","Baby 5","North Blue","","Kuen Village"
"1653321215-1303","https://listfist.com/list-of-one-piece-characters-by-hometown","Hiking Bear","Paradise","Drum Island",""
"1653321215-1339","https://listfist.com/list-of-one-piece-characters-by-hometown","Kaneshiro","Grand Line","Fishman Island","Ryuuguu"
"1653321215-1511","https://listfist.com/list-of-one-piece-characters-by-hometown","Tsuru (Marine)","North Blue","",""
"1653321215-1318","https://listfist.com/list-of-one-piece-characters-by-hometown","Ipponmatsu","East Blue","Polestar Islands","Loguetown"
"1653321215-1537","https://listfist.com/list-of-one-piece-characters-by-hometown","Yasopp","East Blue","Gecko Islands","Syrup Village"
"1653321215-1193","https://listfist.com/list-of-one-piece-characters-by-hometown","Blenheim","Grand Line","",""
"1653321215-1441","https://listfist.com/list-of-one-piece-characters-by-hometown","Porchemy","East Blue","Dawn Island","Goa Kingdom"
"1653321215-1371","https://listfist.com/list-of-one-piece-characters-by-hometown","Lao G","North Blue","",""
"1653321215-1383","https://listfist.com/list-of-one-piece-characters-by-hometown","Marguerite","Calm Belt","Amazon Lily",""
"1653321215-1503","https://listfist.com/list-of-one-piece-characters-by-hometown","Thatch","North Blue","",""
"1653321215-1296","https://listfist.com/list-of-one-piece-characters-by-hometown","Hatcha","New World","Punk Hazard",""
"1653321215-1286","https://listfist.com/list-of-one-piece-characters-by-hometown","Giovanni","New World","Zou","Mokomo Dukedom"
"1653321215-1522","https://listfist.com/list-of-one-piece-characters-by-hometown","Vinsmoke Sanji","North Blue","Germa Kingdom",""
"1653321215-1428","https://listfist.com/list-of-one-piece-characters-by-hometown","Otohime","Grand Line","Fishman Island","Ryuuguu"
"1653321215-1390","https://listfist.com/list-of-one-piece-characters-by-hometown","Mikita","West Blue","",""
"1653321215-1360","https://listfist.com/list-of-one-piece-characters-by-hometown","Kuina","East Blue","","Shimotsuki"
"1653321215-1242","https://listfist.com/list-of-one-piece-characters-by-hometown","Coribou","North Blue","",""
"1653321215-1467","https://listfist.com/list-of-one-piece-characters-by-hometown","Senor Pink","North Blue","",""
"1653321215-1275","https://listfist.com/list-of-one-piece-characters-by-hometown","Fullbody","North Blue","",""
"1653321215-1418","https://listfist.com/list-of-one-piece-characters-by-hometown","Nero","West Blue","",""
"1653321215-1280","https://listfist.com/list-of-one-piece-characters-by-hometown","Gedatsu","Paradise","Skypiea","Birka"
"1653321215-1514","https://listfist.com/list-of-one-piece-characters-by-hometown","Van Augur","East Blue","",""
"1653321215-1526","https://listfist.com/list-of-one-piece-characters-by-hometown","Vito","West Blue","",""
"1653321215-1459","https://listfist.com/list-of-one-piece-characters-by-hometown","Sai","West Blue","Kano Country",""
"1653321215-1506","https://listfist.com/list-of-one-piece-characters-by-hometown","Toko","New World","Wano",""
"1653321215-1541","https://listfist.com/list-of-one-piece-characters-by-hometown","Zeo","Grand Line","Fishman Island","Ryuuguu"
"1653321215-1439","https://listfist.com/list-of-one-piece-characters-by-hometown","Pisaro","Grand Line","Fishman Island","Ryuuguu"
"1653321215-1413","https://listfist.com/list-of-one-piece-characters-by-hometown","Namur","Grand Line","",""
"1653321215-1351","https://listfist.com/list-of-one-piece-characters-by-hometown","Kiwi","Paradise","Water Seven","Backstreat"
"1653321215-1531","https://listfist.com/list-of-one-piece-characters-by-hometown","Who's-Who","North Blue","",""
"1653321215-1216","https://listfist.com/list-of-one-piece-characters-by-hometown","Chaka","Paradise","Sandy Island","Alabasta Kingdom"
"1653321215-1532","https://listfist.com/list-of-one-piece-characters-by-hometown","Wire","South Blue","",""
"1653321215-1465","https://listfist.com/list-of-one-piece-characters-by-hometown","Scotch (Yeti)","Grand Line","",""
"1653321215-1518","https://listfist.com/list-of-one-piece-characters-by-hometown","Victoria Cindry","West Blue","",""
"1653321215-1227","https://listfist.com/list-of-one-piece-characters-by-hometown","Charlotte Oven","?????","On the Ship",""
"1653321215-1172","https://listfist.com/list-of-one-piece-characters-by-hometown","And","Grand Line","",""
"1653321215-1398","https://listfist.com/list-of-one-piece-characters-by-hometown","Momoo","Grand Line","",""
"1653321215-1516","https://listfist.com/list-of-one-piece-characters-by-hometown","Vasco Shot","South Blue","",""
"1653321215-1221","https://listfist.com/list-of-one-piece-characters-by-hometown","Charlotte Daifuku","?????","On the Ship",""
"1653321215-1285","https://listfist.com/list-of-one-piece-characters-by-hometown","Giolla","North Blue","",""
"1653321215-1243","https://listfist.com/list-of-one-piece-characters-by-hometown","Cowboy","Paradise","Sandy Island","Alabasta Kingdom"
"1653321215-1314","https://listfist.com/list-of-one-piece-characters-by-hometown","Igaram","Paradise","Sandy Island","Alabasta Kingdom"
"1653321215-1307","https://listfist.com/list-of-one-piece-characters-by-hometown","Hody Jones","Grand Line","Fishman Island","Ryuuguu"
"1653321215-1317","https://listfist.com/list-of-one-piece-characters-by-hometown","Inuarashi","New World","Zou","Mokomo Dukedom"
"1653321215-1209","https://listfist.com/list-of-one-piece-characters-by-hometown","Cabaji","East Blue","",""
"1653321215-1244","https://listfist.com/list-of-one-piece-characters-by-hometown","Crocodile","Grand Line","",""
"1653321215-1302","https://listfist.com/list-of-one-piece-characters-by-hometown","Higuma","East Blue","",""
"1653321215-1488","https://listfist.com/list-of-one-piece-characters-by-hometown","Speed","New World","Wano",""
"1653321215-1364","https://listfist.com/list-of-one-piece-characters-by-hometown","Kuroobi","Grand Line","Fishman Island","Ryuuguu"
"1653321215-1520","https://listfist.com/list-of-one-piece-characters-by-hometown","Vinsmoke Niji","North Blue","Germa Kingdom",""
"1653321215-1169","https://listfist.com/list-of-one-piece-characters-by-hometown","Aladdin","Grand Line","Fishman Island","Ryuuguu"
"1653321215-1499","https://listfist.com/list-of-one-piece-characters-by-hometown","Tama (Human)","New World","Wano","Kuri, Amigasa"
"1653321215-1181","https://listfist.com/list-of-one-piece-characters-by-hometown","BananaCroc","Paradise","Sandy Island",""
"1653321215-1313","https://listfist.com/list-of-one-piece-characters-by-hometown","Ideo","Grand Line","",""
"1653321215-1309","https://listfist.com/list-of-one-piece-characters-by-hometown","Hotori","Paradise","Skypiea","Birka"
"1653321215-1290","https://listfist.com/list-of-one-piece-characters-by-hometown","Gyoru","East Blue","Dawn Island","Foosha Village"
"1653321215-1199","https://listfist.com/list-of-one-piece-characters-by-hometown","Boa Sandersonia","Calm Belt","Amazon Lily",""
"1653321215-1272","https://listfist.com/list-of-one-piece-characters-by-hometown","Foxy","South Blue","",""
"1653321215-1530","https://listfist.com/list-of-one-piece-characters-by-hometown","Wapol","Paradise","Drum Island","Drum Kingdom"
"1653321215-1420","https://listfist.com/list-of-one-piece-characters-by-hometown","Nico Olvia","West Blue","Ohara",""
"1653321215-1536","https://listfist.com/list-of-one-piece-characters-by-hometown","Yama","Paradise","Skypiea","Birka"
"1653321215-1419","https://listfist.com/list-of-one-piece-characters-by-hometown","Nezumi","East Blue","",""
"1653321215-1384","https://listfist.com/list-of-one-piece-characters-by-hometown","Marianne","North Blue","",""
"1653321215-1469","https://listfist.com/list-of-one-piece-characters-by-hometown","Shalria","Grand Line","Red Line","Mary Geoise"
"1653321215-1519","https://listfist.com/list-of-one-piece-characters-by-hometown","Vinsmoke Ichiji","North Blue","Germa Kingdom",""
"1653321215-1270","https://listfist.com/list-of-one-piece-characters-by-hometown","Fisher Tiger","Grand Line","Fishman Island","Ryuuguu"
"1653321215-1377","https://listfist.com/list-of-one-piece-characters-by-hometown","Machvise","North Blue","",""
"1653321215-1358","https://listfist.com/list-of-one-piece-characters-by-hometown","Kozuki Hiyori","New World","Wano",""
"1653321215-1211","https://listfist.com/list-of-one-piece-characters-by-hometown","Caribou","North Blue","",""
"1653321215-1186","https://listfist.com/list-of-one-piece-characters-by-hometown","Bastille","Grand Line","",""
"1653321215-1375","https://listfist.com/list-of-one-piece-characters-by-hometown","Lord of the Coast","East Blue","",""
"1653321215-1184","https://listfist.com/list-of-one-piece-characters-by-hometown","Bartolomeo","East Blue","",""
"1653321215-1175","https://listfist.com/list-of-one-piece-characters-by-hometown","Aruyutayan V","North Bue","",""
"1653321215-1183","https://listfist.com/list-of-one-piece-characters-by-hometown","Bartholomew Kuma","South Blue","Sourbe Kingdom",""
"1653321215-1376","https://listfist.com/list-of-one-piece-characters-by-hometown","Lucky Roux","South Blue","",""
"1653321215-1323","https://listfist.com/list-of-one-piece-characters-by-hometown","Jabra","North Blue","",""
"1653321215-1220","https://listfist.com/list-of-one-piece-characters-by-hometown","Charlotte Cracker","?????","On the Ship",""
"1653321215-1261","https://listfist.com/list-of-one-piece-characters-by-hometown","Dosun","Grand Line","Fishman Island","Ryuuguu"
"1653321215-1490","https://listfist.com/list-of-one-piece-characters-by-hometown","Sterry","East Blue","Dawn Island","Goa Kingdom"
"1653321215-1177","https://listfist.com/list-of-one-piece-characters-by-hometown","Avalo Pizarro","North Blue","",""
"1653321215-1480","https://listfist.com/list-of-one-piece-characters-by-hometown","Shura","Paradise","Skypiea","Birka"
"1653321215-1365","https://listfist.com/list-of-one-piece-characters-by-hometown","Kurozumi Kanjuro","New World","Wano Country",""
"1653321215-1392","https://listfist.com/list-of-one-piece-characters-by-hometown","Minister of the Right","Grand Line","Fishman Island","Ryuuguu"
"1653321215-1229","https://listfist.com/list-of-one-piece-characters-by-hometown","Charlotte Praline","New World","Totto Land",""
"1653321215-1217","https://listfist.com/list-of-one-piece-characters-by-hometown","Charlos","Grand Line","Red Line","Mary Geoise"
"1653321215-1479","https://listfist.com/list-of-one-piece-characters-by-hometown","Shoujou","South Blue","",""
"1653321215-1236","https://listfist.com/list-of-one-piece-characters-by-hometown","Chimney","Paradise","Water Seven",""
"1653321215-1410","https://listfist.com/list-of-one-piece-characters-by-hometown","Mr. 13","Grand Line","",""
"1653321215-1335","https://listfist.com/list-of-one-piece-characters-by-hometown","Kaku","East Blue","",""
"1653321215-1429","https://listfist.com/list-of-one-piece-characters-by-hometown","Pagaya","Paradise","Skypiea",""
"1653321215-1515","https://listfist.com/list-of-one-piece-characters-by-hometown","Vander Decken IX","Grand Line","Fishman Island","Ryuuguu"
"1653321215-1331","https://listfist.com/list-of-one-piece-characters-by-hometown","Johnny","East Blue","",""
"1653321215-1395","https://listfist.com/list-of-one-piece-characters-by-hometown","Mocha","New World","",""
"1653321215-1237","https://listfist.com/list-of-one-piece-characters-by-hometown","Chinjao","West Blue","Kano Country",""
"1653321215-1453","https://listfist.com/list-of-one-piece-characters-by-hometown","Rock (Yeti)","Grand Line","",""
"1653321215-1521","https://listfist.com/list-of-one-piece-characters-by-hometown","Vinsmoke Reiju","North Blue","Germa Kingdom",""
"1653321215-1443","https://listfist.com/list-of-one-piece-characters-by-hometown","Pound","New World","",""
"1653321215-1407","https://listfist.com/list-of-one-piece-characters-by-hometown","Morley","West Blue","",""
"1653321215-1188","https://listfist.com/list-of-one-piece-characters-by-hometown","Belo Betty","East Blue","",""
"1653321215-1219","https://listfist.com/list-of-one-piece-characters-by-hometown","Charlotte Chiffon","New World","Totto Land",""
"1653321215-1477","https://listfist.com/list-of-one-piece-characters-by-hometown","Shiryu","Grand Line","",""
"1653321215-1277","https://listfist.com/list-of-one-piece-characters-by-hometown","Galdino","South Blue","",""
"1653321215-1529","https://listfist.com/list-of-one-piece-characters-by-hometown","Wanze","West Blue","",""
"1653321215-1386","https://listfist.com/list-of-one-piece-characters-by-hometown","Mashikaku","East Blue","",""
"1653321215-1523","https://listfist.com/list-of-one-piece-characters-by-hometown","Vinsmoke Yonji","North Blue","Germa Kingdom",""
"1653321215-1448","https://listfist.com/list-of-one-piece-characters-by-hometown","Rakuyo","South Blue","",""
"1653321215-1279","https://listfist.com/list-of-one-piece-characters-by-hometown","Gecko Moria","West Blue","",""
"1653321215-1326","https://listfist.com/list-of-one-piece-characters-by-hometown","Jarul","New World","Elbaf",""
"1653321215-1457","https://listfist.com/list-of-one-piece-characters-by-hometown","Sabo","East Blue","Dawn Island","Goa Kingdom"
"1653321215-1538","https://listfist.com/list-of-one-piece-characters-by-hometown","Yosaku","East Blue","",""
"1653321215-1312","https://listfist.com/list-of-one-piece-characters-by-hometown","Ideaman","East Blue","",""
"1653321215-1481","https://listfist.com/list-of-one-piece-characters-by-hometown","Sicily","South Blue","",""
"1653321215-1510","https://listfist.com/list-of-one-piece-characters-by-hometown","Trebol","North Blue","",""
"1653321215-1478","https://listfist.com/list-of-one-piece-characters-by-hometown","Shishilian","New World","Zou","Mokomo Dukedom"
"1653321215-1366","https://listfist.com/list-of-one-piece-characters-by-hometown","Kurozumi Orochi","New World","Wano",""
"1653321215-1263","https://listfist.com/list-of-one-piece-characters-by-hometown","Drophy","Grand Line","",""
"1653321215-1494","https://listfist.com/list-of-one-piece-characters-by-hometown","Sugar","North Blue","",""
"1653321215-1430","https://listfist.com/list-of-one-piece-characters-by-hometown","Page One","Grand Line","",""
"1653321215-1367","https://listfist.com/list-of-one-piece-characters-by-hometown","Kuzan","South Blue","",""
"1653321215-1325","https://listfist.com/list-of-one-piece-characters-by-hometown","Jaguar D. Saul","South Blue","",""
"1653321215-1200","https://listfist.com/list-of-one-piece-characters-by-hometown","Bobby Funk","Grand Line","Mogaro Kingdom",""
"1653321215-1476","https://listfist.com/list-of-one-piece-characters-by-hometown","Shirley","Grand Line","Fishman Island","Ryuuguu"
"1653321215-1213","https://listfist.com/list-of-one-piece-characters-by-hometown","Catarina Devon","South Blue","",""
"1653321215-1190","https://listfist.com/list-of-one-piece-characters-by-hometown","Bentham","East Blue","",""
"1653321215-1176","https://listfist.com/list-of-one-piece-characters-by-hometown","Atmos","West Blue","",""
"1653321215-1178","https://listfist.com/list-of-one-piece-characters-by-hometown","Babe","Grand Line","",""
"1653321215-1215","https://listfist.com/list-of-one-piece-characters-by-hometown","Chadros Higelyges","Grand Line","",""
"1653321215-1372","https://listfist.com/list-of-one-piece-characters-by-hometown","Leo","Grand Line","Greenbit","Tontatta Kingdom"
"1653321215-1348","https://listfist.com/list-of-one-piece-characters-by-hometown","King","Grand Line","",""
"1653321215-1491","https://listfist.com/list-of-one-piece-characters-by-hometown","Stomp","Paradise","Sandy Island","Alabasta Kingdom"
"1653321215-1483","https://listfist.com/list-of-one-piece-characters-by-hometown","Smoker","Grand Line","",""
"1653321215-1461","https://listfist.com/list-of-one-piece-characters-by-hometown","Saldeath","Grand Line","",""
"1653321215-1311","https://listfist.com/list-of-one-piece-characters-by-hometown","Iceburg","Paradise","Water Seven",""
"1653321215-1411","https://listfist.com/list-of-one-piece-characters-by-hometown","Mr. 9","Grand Line","",""
"1653321215-1185","https://listfist.com/list-of-one-piece-characters-by-hometown","Bas","Grand Line","",""
"1653321215-1231","https://listfist.com/list-of-one-piece-characters-by-hometown","Charlotte Smoothie","New World","Totto Land",""
"1653321215-1205","https://listfist.com/list-of-one-piece-characters-by-hometown","Brannew","Grand Line","",""
"1653321215-1344","https://listfist.com/list-of-one-piece-characters-by-hometown","Kentauros","Paradise","Sandy Island","Alabasta Kingdom"
"1653321215-1450","https://listfist.com/list-of-one-piece-characters-by-hometown","Rika","East Blue","Yotsuba Island","Shells Town"
"1653321215-1350","https://listfist.com/list-of-one-piece-characters-by-hometown","Kingdew","Grand Line","",""
"1653321215-1291","https://listfist.com/list-of-one-piece-characters-by-hometown","Hack (Fishmen)","Grand Line","Fishman Island",""
"1653321215-1267","https://listfist.com/list-of-one-piece-characters-by-hometown","Emporio Ivankov","Paradise","Momoiro Island","Kamabakka"
"1653321215-1355","https://listfist.com/list-of-one-piece-characters-by-hometown","Kotori","Paradise","Skypiea","Birka"
"1653321215-1333","https://listfist.com/list-of-one-piece-characters-by-hometown","Jozu","West Blue","",""
"1653321215-1262","https://listfist.com/list-of-one-piece-characters-by-hometown","Dragon Number Thirteen","New World","Punk Hazard",""
"1653321215-1484","https://listfist.com/list-of-one-piece-characters-by-hometown","Soro","East Blue","",""
"1653321215-1380","https://listfist.com/list-of-one-piece-characters-by-hometown","Manboshi","Grand Line","Fishman Island","Ryuuguu"
"1653321215-1337","https://listfist.com/list-of-one-piece-characters-by-hometown","Kalifa","Grand Line","",""
"1653321215-1249","https://listfist.com/list-of-one-piece-characters-by-hometown","Dalton","Paradise","Drum Island","Drum Kingdom"
"1653321215-1170","https://listfist.com/list-of-one-piece-characters-by-hometown","Alvida","East Blue","",""
"1653321215-1379","https://listfist.com/list-of-one-piece-characters-by-hometown","Makino","East Blue","Dawn Island","Foosha Village"
"1653321215-1474","https://listfist.com/list-of-one-piece-characters-by-hometown","Shioyaki","Grand Line","Fishman Island","Ryuuguu"
"1653321215-1246","https://listfist.com/list-of-one-piece-characters-by-hometown","Curiel","West Blue","",""
"1653321215-1374","https://listfist.com/list-of-one-piece-characters-by-hometown","Little Oars Jr.","Grand Line","",""
"1653321215-1310","https://listfist.com/list-of-one-piece-characters-by-hometown","Hyouzou","Grand Line","Fishman Island","Ryuuguu"
"1653321215-1238","https://listfist.com/list-of-one-piece-characters-by-hometown","Chouchou","East Blue","Organ Islands","Orange Town"
"1653321215-1525","https://listfist.com/list-of-one-piece-characters-by-hometown","Vista","North Blue","",""
"1653321215-1306","https://listfist.com/list-of-one-piece-characters-by-hometown","Hina","West Blue","",""
"1653321215-1225","https://listfist.com/list-of-one-piece-characters-by-hometown","Charlotte Lola","New World","Totto Land",""
"1653321215-1460","https://listfist.com/list-of-one-piece-characters-by-hometown","Sakazuki","North Blue","",""
"1653321215-1451","https://listfist.com/list-of-one-piece-characters-by-hometown","Riku Doldo III","New World","Dressrosa",""
"1653321215-1251","https://listfist.com/list-of-one-piece-characters-by-hometown","Daz Bonez","West Blue","",""
"1653321215-1324","https://listfist.com/list-of-one-piece-characters-by-hometown","Jack","Grand Line","",""
"1653321215-1250","https://listfist.com/list-of-one-piece-characters-by-hometown","Daruma","Grand Line","Fishman Island","Ryuuguu"
"1653321215-1299","https://listfist.com/list-of-one-piece-characters-by-hometown","Helmeppo","East Blue","Yotsuba Island","Shells Town"
"1653321215-1174","https://listfist.com/list-of-one-piece-characters-by-hometown","Arlong","Grand Line","Fishman Island","Ryuuguu"
"1653321215-1496","https://listfist.com/list-of-one-piece-characters-by-hometown","Surume","North Blue","","North Pole"
"1653321215-1334","https://listfist.com/list-of-one-piece-characters-by-hometown","Kaidou","Grand Line","",""
"1653321215-1265","https://listfist.com/list-of-one-piece-characters-by-hometown","Edward Weevil","Grand Line","",""
"1653321215-1274","https://listfist.com/list-of-one-piece-characters-by-hometown","Fukurou","Grand Line","",""
"1653321215-1513","https://listfist.com/list-of-one-piece-characters-by-hometown","Ulti","Grand Line","",""
"1653321215-1435","https://listfist.com/list-of-one-piece-characters-by-hometown","Pell","Paradise","Sandy Island","Alabasta Kingdom"
"1653321215-1492","https://listfist.com/list-of-one-piece-characters-by-hometown","Streusen","Grand Line","",""
"1653321215-1487","https://listfist.com/list-of-one-piece-characters-by-hometown","Speed Jiru","East Blue","",""
"1653321215-1394","https://listfist.com/list-of-one-piece-characters-by-hometown","Miss Monday","Grand Line","",""
"1653321215-1381","https://listfist.com/list-of-one-piece-characters-by-hometown","Mansherry","Grand Line","Greenbit","Tontatta Kingdom"
"1653321215-1264","https://listfist.com/list-of-one-piece-characters-by-hometown","Edward Newgate","New World","Sphinx",""
"1653321215-1447","https://listfist.com/list-of-one-piece-characters-by-hometown","Raki","Paradise","Skypiea","The Village Hidden in the Cloud"
"1653321215-1346","https://listfist.com/list-of-one-piece-characters-by-hometown","Kikunojo","New World","Wano","Ringo"
"1653321215-1504","https://listfist.com/list-of-one-piece-characters-by-hometown","Thousand Sunny","Paradise","Water Seven",""
"1653321215-1445","https://listfist.com/list-of-one-piece-characters-by-hometown","Pudding Pudding","East Blue","",""
"1653321215-1403","https://listfist.com/list-of-one-piece-characters-by-hometown","Monster","East Blue","",""
"1653321215-1271","https://listfist.com/list-of-one-piece-characters-by-hometown","Fossa","North Blue","",""
"1653321215-1440","https://listfist.com/list-of-one-piece-characters-by-hometown","Poppoko","East Blue","",""
"1653321215-1539","https://listfist.com/list-of-one-piece-characters-by-hometown","Zala","Grand Line","",""
"1653321215-1449","https://listfist.com/list-of-one-piece-characters-by-hometown","Rebecca","New World","Dressrosa",""
"1653321215-1320","https://listfist.com/list-of-one-piece-characters-by-hometown","Issho","Grand Line","",""
"1653321215-1434","https://listfist.com/list-of-one-piece-characters-by-hometown","Peepley Lulu","Paradise","Water Seven",""
"1653321215-1370","https://listfist.com/list-of-one-piece-characters-by-hometown","Laffitte","West Blue","",""
"1653321215-1524","https://listfist.com/list-of-one-piece-characters-by-hometown","Viola","New World","Dressrosa",""
"1653321215-1278","https://listfist.com/list-of-one-piece-characters-by-hometown","Gan Fall","Paradise","Skypiea",""
"1653321215-1454","https://listfist.com/list-of-one-piece-characters-by-hometown","Roronoa Zoro","East Blue","","Shimotsuki"
"1653321215-1388","https://listfist.com/list-of-one-piece-characters-by-hometown","Matsuge","Paradise","Sandy Island","Alabasta"
"1653321215-1389","https://listfist.com/list-of-one-piece-characters-by-hometown","Mikio Itoo","East Blue","",""
"1653321215-1198","https://listfist.com/list-of-one-piece-characters-by-hometown","Boa Marigold","Calm Belt","Amazon Lily",""
"1653321215-1535","https://listfist.com/list-of-one-piece-characters-by-hometown","X Drake","North Blue","",""
"1653321215-1401","https://listfist.com/list-of-one-piece-characters-by-hometown","Monkey D. Garp","East Blue","Dawn Island","Goa Kingdom"
"1653321215-1207","https://listfist.com/list-of-one-piece-characters-by-hometown","Buffalo","North Blue","",""
"1653321215-1204","https://listfist.com/list-of-one-piece-characters-by-hometown","Braham","Paradise","Skypiea","The Village Hidden in the Cloud"
"1653321215-1218","https://listfist.com/list-of-one-piece-characters-by-hometown","Charlotte Brûlée","?????","On a Port",""
"1653321215-1224","https://listfist.com/list-of-one-piece-characters-by-hometown","Charlotte Linlin","Grand Line","",""
"1653321215-1502","https://listfist.com/list-of-one-piece-characters-by-hometown","Tenguyama Hitetsu","New World","Wano",""
"1653321215-1356","https://listfist.com/list-of-one-piece-characters-by-hometown","Koushirou","East Blue","",""
"1653321215-1300","https://listfist.com/list-of-one-piece-characters-by-hometown","Heppoko","East Blue","",""
"1653321215-1180","https://listfist.com/list-of-one-piece-characters-by-hometown","Bakkin","Grand Line","",""
"1653321215-1259","https://listfist.com/list-of-one-piece-characters-by-hometown","Donquixote Rosinante","Grand Line","Red Line","Mary Geoise"
"1653321215-1470","https://listfist.com/list-of-one-piece-characters-by-hometown","Shanks","West Blue","",""
"1653321215-1463","https://listfist.com/list-of-one-piece-characters-by-hometown","Sasaki","Grand Line","",""
"1653321215-1444","https://listfist.com/list-of-one-piece-characters-by-hometown","Prometheus","Grand Line","",""
"1653321215-1486","https://listfist.com/list-of-one-piece-characters-by-hometown","Spandine","Grand Line","",""
"1653321215-1471","https://listfist.com/list-of-one-piece-characters-by-hometown","Sheepshead","Grand Line","",""
"1653321215-1446","https://listfist.com/list-of-one-piece-characters-by-hometown","Queen","Grand Line","",""
"1653321215-1292","https://listfist.com/list-of-one-piece-characters-by-hometown","Hajrudin","New World","Elbaf",""
"1653321215-1387","https://listfist.com/list-of-one-piece-characters-by-hometown","Masira","North Blue","",""
"1653321215-1245","https://listfist.com/list-of-one-piece-characters-by-hometown","Crocus","Grand Line","",""
"1653321215-1533","https://listfist.com/list-of-one-piece-characters-by-hometown","Woop Slap","East Blue","Dawn Island","Foosha Village"
"1653321215-1399","https://listfist.com/list-of-one-piece-characters-by-hometown","Monet","North Blue","",""
"1653321215-1253","https://listfist.com/list-of-one-piece-characters-by-hometown","Den","Grand Line","Fishman Island","Ryuuguu"
"1653321215-1543","https://listfist.com/list-of-one-piece-characters-by-hometown","Zunesha","Grand Line","",""
"1653321215-1382","https://listfist.com/list-of-one-piece-characters-by-hometown","Marco","Grand Line","",""
"1653321215-1202","https://listfist.com/list-of-one-piece-characters-by-hometown","Borsalino","North Blue","",""
"1653321215-1475","https://listfist.com/list-of-one-piece-characters-by-hometown","Shirahoshi","Grand Line","Fishman Island","Ryuuguu"
"1653321215-1260","https://listfist.com/list-of-one-piece-characters-by-hometown","Dorry","New World","Elbaf",""
"1653321215-1342","https://listfist.com/list-of-one-piece-characters-by-hometown","Kashii","New World","Elbaf",""
"1653321215-1255","https://listfist.com/list-of-one-piece-characters-by-hometown","Diamante","North Blue","",""
"1653321215-1489","https://listfist.com/list-of-one-piece-characters-by-hometown","Squard","Grand Line","",""
"1653321215-1266","https://listfist.com/list-of-one-piece-characters-by-hometown","Elizabello II","Grand Line","Prodence Kingdom",""
"1653321215-1498","https://listfist.com/list-of-one-piece-characters-by-hometown","Take","Grand Line","Fishman Island","Ryuuguu"
"1653321215-1327","https://listfist.com/list-of-one-piece-characters-by-hometown","Jerry","South Blue","Karate Island",""
"1653321215-1167","https://listfist.com/list-of-one-piece-characters-by-hometown","Absalom","West Blue","",""
"1653321215-1357","https://listfist.com/list-of-one-piece-characters-by-hometown","Koza","Paradise","Sandy Island","Alabasta"
"1653321215-1241","https://listfist.com/list-of-one-piece-characters-by-hometown","Conis","Paradise","Skypiea",""
"1653321215-1295","https://listfist.com/list-of-one-piece-characters-by-hometown","Haruta","South Blue","",""
"1653321215-1329","https://listfist.com/list-of-one-piece-characters-by-hometown","Jigoro","West Blue","",""
"1653321215-1254","https://listfist.com/list-of-one-piece-characters-by-hometown","Denjiro","New World","Wano","Flower Capital"
"1653321215-1433","https://listfist.com/list-of-one-piece-characters-by-hometown","Pedro","New World","Zou","Mokomo Dukedom"
"1653321215-1248","https://listfist.com/list-of-one-piece-characters-by-hometown","Daigin","West Blue","",""
"1653321215-1276","https://listfist.com/list-of-one-piece-characters-by-hometown","Gaimon","East Blue","",""
"1653321215-1408","https://listfist.com/list-of-one-piece-characters-by-hometown","Mozu","Paradise","Water Seven","Backstreat"
"1653321215-1436","https://listfist.com/list-of-one-piece-characters-by-hometown","Peppoko","East Blue","",""
"1653321215-1385","https://listfist.com/list-of-one-piece-characters-by-hometown","Marshall D. Teach","Grand Line","",""
"1653321215-1466","https://listfist.com/list-of-one-piece-characters-by-hometown","Sengoku","South Blue","",""
"1653321215-1423","https://listfist.com/list-of-one-piece-characters-by-hometown","Nugire Yainu","East Blue","",""
"1653321215-1542","https://listfist.com/list-of-one-piece-characters-by-hometown","Zeus","Grand Line","",""
"1653321215-1517","https://listfist.com/list-of-one-piece-characters-by-hometown","Vergo","North Blue","",""
"1653321215-1412","https://listfist.com/list-of-one-piece-characters-by-hometown","Nami","East Blue","Oykot Kingdom",""
"1653321215-1464","https://listfist.com/list-of-one-piece-characters-by-hometown","Satori","Paradise","Skypiea","Birka"
"1653321215-1283","https://listfist.com/list-of-one-piece-characters-by-hometown","Genzo","East Blue","Conomi Islands","Cocoyasi"
"1653321215-1406","https://listfist.com/list-of-one-piece-characters-by-hometown","Morgans","Grand Line","",""
"1653321215-1347","https://listfist.com/list-of-one-piece-characters-by-hometown","Kin'emon","New World","Wano Country","Kuri"
"1653321215-1528","https://listfist.com/list-of-one-piece-characters-by-hometown","Wanda","New World","Zou","Mokomo Dukedom"
"1653321215-1321","https://listfist.com/list-of-one-piece-characters-by-hometown","Ivan X","Paradise","Sandy Island","Alabasta Kingdom"
"1653321215-1284","https://listfist.com/list-of-one-piece-characters-by-hometown","Gerd","New World","Elbaf",""
"1653321215-1378","https://listfist.com/list-of-one-piece-characters-by-hometown","Magellan","Grand Line","",""
"1653321215-1297","https://listfist.com/list-of-one-piece-characters-by-hometown","Hatchan","Grand Line","Fishman Island","Ryuuguu"
"1653321215-1187","https://listfist.com/list-of-one-piece-characters-by-hometown","Bell-mère","East Blue","Conomi Islands","Cocoyasi"
"1653321215-1421","https://listfist.com/list-of-one-piece-characters-by-hometown","Nico Robin","West Blue","",""
"1653321215-1493","https://listfist.com/list-of-one-piece-characters-by-hometown","Stussy","Grand Line","",""
"1653321215-1426","https://listfist.com/list-of-one-piece-characters-by-hometown","Oimo","New World","Elbaf",""
"1653321215-1203","https://listfist.com/list-of-one-piece-characters-by-hometown","Bourbon Jr.","Paradise","Sandy Island","Alabasta Kingdom"
"1653321215-1336","https://listfist.com/list-of-one-piece-characters-by-hometown","Kalgara","Paradise","Jaya",""
"1653321215-1373","https://listfist.com/list-of-one-piece-characters-by-hometown","Lines","East Blue","",""
"1653321215-1485","https://listfist.com/list-of-one-piece-characters-by-hometown","Spandam","Grand Line","",""
"1653321215-1228","https://listfist.com/list-of-one-piece-characters-by-hometown","Charlotte Perospero","?????","On a Port",""
"1653321215-1363","https://listfist.com/list-of-one-piece-characters-by-hometown","Kuromarimo","Paradise","Drum Island","Drum Kingdom"
"1653321215-1414","https://listfist.com/list-of-one-piece-characters-by-hometown","Nefertari Cobra","Paradise","Sandy Island","Alabasta Kingdom"
"1653321215-1330","https://listfist.com/list-of-one-piece-characters-by-hometown","Jinbe","Grand Line","Fishman Island","Ryuuguu"
"1653321215-1508","https://listfist.com/list-of-one-piece-characters-by-hometown","Tonjit","Paradise","Long Ring Long Island",""
"1653321215-1194","https://listfist.com/list-of-one-piece-characters-by-hometown","Bluegilly","Grand Line","",""
"1653321215-1409","https://listfist.com/list-of-one-piece-characters-by-hometown","Mr. 11","Grand Line","",""
"1653321215-1269","https://listfist.com/list-of-one-piece-characters-by-hometown","Farul","-","",""
"1653321215-1298","https://listfist.com/list-of-one-piece-characters-by-hometown","Heat","South Blue","",""
"1653321215-1369","https://listfist.com/list-of-one-piece-characters-by-hometown","Laboon","West Blue","",""
"1653321215-1208","https://listfist.com/list-of-one-piece-characters-by-hometown","Buggy","Grand Line","",""
"1653321215-1288","https://listfist.com/list-of-one-piece-characters-by-hometown","Gol D. Roger","East Blue","Polestar Islands","Loguetown"
"1653321215-1509","https://listfist.com/list-of-one-piece-characters-by-hometown","Tony Tony Chopper","Paradise","Drum Island","Drum Kingdom"
"1653321215-1415","https://listfist.com/list-of-one-piece-characters-by-hometown","Nefertari Vivi","Paradise","Sandy Island","Alabasta Kingdom"
"1653321215-1308","https://listfist.com/list-of-one-piece-characters-by-hometown","Hogback","West Blue","",""
"1653321215-1527","https://listfist.com/list-of-one-piece-characters-by-hometown","Wadatsumi","Grand Line","Fishman Island","Ryuuguu"
"1653321215-1226","https://listfist.com/list-of-one-piece-characters-by-hometown","Charlotte Mont-d'Or","?????","On the Ship",""
"1653321215-1432","https://listfist.com/list-of-one-piece-characters-by-hometown","Paulie","Paradise","Water Seven",""
"1653321215-1353","https://listfist.com/list-of-one-piece-characters-by-hometown","Koby","East Blue","",""
"1653321215-1359","https://listfist.com/list-of-one-piece-characters-by-hometown","Kozuki Momonosuke","New World","Wano Country","Kuri"
"1653321215-1393","https://listfist.com/list-of-one-piece-characters-by-hometown","Miss Friday","Grand Line","",""
"1653321215-1422","https://listfist.com/list-of-one-piece-characters-by-hometown","Nojiko","East Blue","Oykot Kingdom",""
"1653321215-1338","https://listfist.com/list-of-one-piece-characters-by-hometown","Kamakiri","Paradise","Skypiea","The Village Hidden in the Cloud"
"1653321215-1404","https://listfist.com/list-of-one-piece-characters-by-hometown","Mont Blanc Cricket","North Blue","",""
"1653321215-1500","https://listfist.com/list-of-one-piece-characters-by-hometown","Tamago","Grand Line","",""
"1653321215-1425","https://listfist.com/list-of-one-piece-characters-by-hometown","Ohm","Paradise","Skypiea","Birka"
"1653321215-1258","https://listfist.com/list-of-one-piece-characters-by-hometown","Donquixote Doflamingo","Grand Line","Red Line","Mary Geoise"
"1653321215-1328","https://listfist.com/list-of-one-piece-characters-by-hometown","Jesus Burgess","Grand Line","",""
"1653321215-1173","https://listfist.com/list-of-one-piece-characters-by-hometown","Anjo","East Blue","",""
"1653321215-1273","https://listfist.com/list-of-one-piece-characters-by-hometown","Fukaboshi","Grand Line","Fishman Island","Ryuuguu"
"1653321215-1452","https://listfist.com/list-of-one-piece-characters-by-hometown","Rob Lucci","Grand Line","",""
"1653321215-1304","https://listfist.com/list-of-one-piece-characters-by-hometown","Hikoichi","Paradise","Sandy Island","Alabasta Kingdom"
"1653321215-1195","https://listfist.com/list-of-one-piece-characters-by-hometown","Bluejam","East Blue","Dawn Island","Goa Kingdom"
"1653321215-1340","https://listfist.com/list-of-one-piece-characters-by-hometown","Karasu","North Blue","",""
"1653321215-1343","https://listfist.com/list-of-one-piece-characters-by-hometown","Kelly Funk","Grand Line","Mogaro Kingdom",""
"1653321215-1458","https://listfist.com/list-of-one-piece-characters-by-hometown","Sadi","Grand Line","",""
"1653321215-1316","https://listfist.com/list-of-one-piece-characters-by-hometown","Inazuma","South Blue","",""
"1653321215-1230","https://listfist.com/list-of-one-piece-characters-by-hometown","Charlotte Pudding","New World","Totto Land",""
"1653321215-1354","https://listfist.com/list-of-one-piece-characters-by-hometown","Kokoro","Grand Line","Fishman Island",""
"1653321215-1416","https://listfist.com/list-of-one-piece-characters-by-hometown","Nekomamushi","New World","Zou","Mokomo Dukedom"
"1653321215-1305","https://listfist.com/list-of-one-piece-characters-by-hometown","Hiluluk","Paradise","Drum Island","Drum Kingdom"
"1653321215-1396","https://listfist.com/list-of-one-piece-characters-by-hometown","Mohji","East Blue","",""
"1653321215-1437","https://listfist.com/list-of-one-piece-characters-by-hometown","Perona","West Blue","",""
"1653321215-1341","https://listfist.com/list-of-one-piece-characters-by-hometown","Karoo","Paradise","Sandy Island","Alabasta Kingdom"
"1653321215-1417","https://listfist.com/list-of-one-piece-characters-by-hometown","Neptune","Grand Line","Fishman Island","Ryuuguu"
"1653321215-1234","https://listfist.com/list-of-one-piece-characters-by-hometown","Chicken","East Blue","Dawn Island","Foosha Village"
"1653321215-1512","https://listfist.com/list-of-one-piece-characters-by-hometown","Ubau","Paradise","Skypiea",""
"1653321215-1427","https://listfist.com/list-of-one-piece-characters-by-hometown","Orlumbus","Grand Line","Standing Kingdom",""
"1653321215-1223","https://listfist.com/list-of-one-piece-characters-by-hometown","Charlotte Katakuri","?????","On the Ship",""
"1653321215-1482","https://listfist.com/list-of-one-piece-characters-by-hometown","Smiley","New World","Punk Hazard",""
"1653321215-1468","https://listfist.com/list-of-one-piece-characters-by-hometown","Sentomaru","Grand Line","",""
"1653321215-1232","https://listfist.com/list-of-one-piece-characters-by-hometown","Chess","Paradise","Drum Island","Drum Kingdom"
"1653321215-1196","https://listfist.com/list-of-one-piece-characters-by-hometown","Blueno","North Blue","",""
"1653321215-1233","https://listfist.com/list-of-one-piece-characters-by-hometown","Chew","Grand Line","Fishman Island","Ryuuguu"
"1653321215-1192","https://listfist.com/list-of-one-piece-characters-by-hometown","Blamenco","South Blue","",""
"1653321215-1400","https://listfist.com/list-of-one-piece-characters-by-hometown","Monkey D. Dragon","East Blue","Dawn Island","Goa Kingdom"
"1653321215-1540","https://listfist.com/list-of-one-piece-characters-by-hometown","Zambai","Paradise","Water Seven",""
"1653321215-1235","https://listfist.com/list-of-one-piece-characters-by-hometown","Chief","Paradise","Skypiea","The Village Hidden in the Cloud"
"1653321215-1315","https://listfist.com/list-of-one-piece-characters-by-hometown","Ikaros Much","Grand Line","Fishman Island","Ryuuguu"
"1653321215-1182","https://listfist.com/list-of-one-piece-characters-by-hometown","Banchina","East Blue","Gecko Islands","Syrup Village"
"1653321215-1402","https://listfist.com/list-of-one-piece-characters-by-hometown","Monkey D. Luffy","East Blue","Dawn Island","Foosha Village"
"1653321215-1268","https://listfist.com/list-of-one-piece-characters-by-hometown","Enel","Paradise","Skypiea","Birka"
"1653321215-1168","https://listfist.com/list-of-one-piece-characters-by-hometown","Aisa","Paradise","Skypiea","The Village Hidden in the Cloud"
"1653321215-1405","https://listfist.com/list-of-one-piece-characters-by-hometown","Morgan","East Blue","Yotsuba Island","Shells Town"
"1653321215-1191","https://listfist.com/list-of-one-piece-characters-by-hometown","Black Maria","New World","Wano",""
"1653321215-1507","https://listfist.com/list-of-one-piece-characters-by-hometown","Tom","Grand Line","Fishman Island",""
"1653321215-1455","https://listfist.com/list-of-one-piece-characters-by-hometown","Rosward","Grand Line","Red Line","Mary Geoise"
"1653321215-1361","https://listfist.com/list-of-one-piece-characters-by-hometown","Kumadori","South Blue","",""
"1653321215-1247","https://listfist.com/list-of-one-piece-characters-by-hometown","Curly Dadan","East Blue","Dawn Island","Goa Kingdom, Mt. Colubo"
"1653321215-1501","https://listfist.com/list-of-one-piece-characters-by-hometown","Tashigi","East Blue","",""
"1653321215-1210","https://listfist.com/list-of-one-piece-characters-by-hometown","Caesar Clown","Grand Line","",""
"1653321215-1368","https://listfist.com/list-of-one-piece-characters-by-hometown","Kyros","New World","Dressrosa",""
"1653321215-1332","https://listfist.com/list-of-one-piece-characters-by-hometown","Jorul","New World","Elbaf",""
"1653321215-1301","https://listfist.com/list-of-one-piece-characters-by-hometown","Heracles","South Blue","",""
"1653321215-1362","https://listfist.com/list-of-one-piece-characters-by-hometown","Kureha","Paradise","Drum Island","Drum Kingdom"
"1653321215-1239","https://listfist.com/list-of-one-piece-characters-by-hometown","Clover","West Blue","Ohara",""
"1653321215-1505","https://listfist.com/list-of-one-piece-characters-by-hometown","Tilestone","Paradise","Water Seven",""
"1653321215-1201","https://listfist.com/list-of-one-piece-characters-by-hometown","Boodle","East Blue","Organ Islands","Orange Town"
"1653321215-1352","https://listfist.com/list-of-one-piece-characters-by-hometown","Koala","Grand Line","Foolshout Island",""
"1653321215-1534","https://listfist.com/list-of-one-piece-characters-by-hometown","Wyper","Paradise","Skypiea","The Village Hidden in the Cloud"
"1653321215-1282","https://listfist.com/list-of-one-piece-characters-by-hometown","Genbo","Paradise","Skypiea","The Village Hidden in the Cloud"
"1653321215-1349","https://listfist.com/list-of-one-piece-characters-by-hometown","Kingbaum","New World","Totto Land",""
"1653321215-1431","https://listfist.com/list-of-one-piece-characters-by-hometown","Pascia","South Blue","",""
"1653321215-1206","https://listfist.com/list-of-one-piece-characters-by-hometown","Brogy","New World","Elbaf",""
"1653321215-1456","https://listfist.com/list-of-one-piece-characters-by-hometown","Ryuboshi","Grand Line","Fishman Island","Ryuuguu"
"1653321215-1257","https://listfist.com/list-of-one-piece-characters-by-hometown","Domino","Grand Line","",""
"1653321215-1319","https://listfist.com/list-of-one-piece-characters-by-hometown","Island Eater","Paradise","Little Garden",""
"1653321215-1171","https://listfist.com/list-of-one-piece-characters-by-hometown","Amazon","Paradise","Skypiea",""
"1653321215-1322","https://listfist.com/list-of-one-piece-characters-by-hometown","Izou","New World","Wano Country",""
"1653321215-1495","https://listfist.com/list-of-one-piece-characters-by-hometown","Suleiman","South Blue","",""
"1653321215-1289","https://listfist.com/list-of-one-piece-characters-by-hometown","Gotti","West Blue","",""
"1653321215-1442","https://listfist.com/list-of-one-piece-characters-by-hometown","Portgas D. Ace","South Blue","Baterilla",""
"1653321215-1240","https://listfist.com/list-of-one-piece-characters-by-hometown","Concelot","New World","Zou","Mokomo Dukedom"
"1653321215-1391","https://listfist.com/list-of-one-piece-characters-by-hometown","Minister of the Left","Grand Line","Fishman Island","Ryuuguu"
"1653321215-1281","https://listfist.com/list-of-one-piece-characters-by-hometown","Gem","South Blue","",""
"1653321215-1294","https://listfist.com/list-of-one-piece-characters-by-hometown","Haredas","Paradise","Skypiea","Birka"
"1653321215-1222","https://listfist.com/list-of-one-piece-characters-by-hometown","Charlotte Flampe","New World","Totto Land",""
"1653321215-1256","https://listfist.com/list-of-one-piece-characters-by-hometown","Doc Q","North Blue","",""
"1653321215-1197","https://listfist.com/list-of-one-piece-characters-by-hometown","Boa Hancock","Calm Belt","Amazon Lily",""
"1653321215-1424","https://listfist.com/list-of-one-piece-characters-by-hometown","Oars","North Blue","",""
"1653321215-1189","https://listfist.com/list-of-one-piece-characters-by-hometown","Benn Beckman","North Blue","",""
"1653321215-1212","https://listfist.com/list-of-one-piece-characters-by-hometown","Carrot","New World","Zou","Mokomo Dukedom"
"1653321215-1345","https://listfist.com/list-of-one-piece-characters-by-hometown","Kerville","Grand Line","",""
"1653321215-1252","https://listfist.com/list-of-one-piece-characters-by-hometown","Dellinger","North Blue","",""
"1653321215-1472","https://listfist.com/list-of-one-piece-characters-by-hometown","Shimotsuki Ryuma","New World","Wano Country","Ringo"
"1653321215-1293","https://listfist.com/list-of-one-piece-characters-by-hometown","Hannyabal","South Blue","",""
"1653321215-1438","https://listfist.com/list-of-one-piece-characters-by-hometown","Pica","North Blue","",""
